{
  "Get Bookings" : {
    "transaction" : "Get Bookings",
    "sampleCount" : 10,
    "errorCount" : 0,
    "errorPct" : 0.0,
    "meanResTime" : 1117.9999999999998,
    "medianResTime" : 1108.5,
    "minResTime" : 1075.0,
    "maxResTime" : 1175.0,
    "pct1ResTime" : 1174.1,
    "pct2ResTime" : 1175.0,
    "pct3ResTime" : 1175.0,
    "throughput" : 1.7879492222420883,
    "receivedKBytesPerSec" : 41.96512381548364,
    "sentKBytesPerSec" : 0.0
  },
  "Health Check" : {
    "transaction" : "Health Check",
    "sampleCount" : 10,
    "errorCount" : 0,
    "errorPct" : 0.0,
    "meanResTime" : 546.5999999999999,
    "medianResTime" : 545.0,
    "minResTime" : 529.0,
    "maxResTime" : 572.0,
    "pct1ResTime" : 570.5,
    "pct2ResTime" : 572.0,
    "pct3ResTime" : 572.0,
    "throughput" : 2.007628990162618,
    "receivedKBytesPerSec" : 1.46651023890785,
    "sentKBytesPerSec" : 0.0
  },
  "Total" : {
    "transaction" : "Total",
    "sampleCount" : 40,
    "errorCount" : 0,
    "errorPct" : 0.0,
    "meanResTime" : 688.1750000000001,
    "medianResTime" : 546.5,
    "minResTime" : 528.0,
    "maxResTime" : 1175.0,
    "pct1ResTime" : 1123.6,
    "pct2ResTime" : 1164.1499999999999,
    "pct3ResTime" : 1175.0,
    "throughput" : 5.527152134862512,
    "receivedKBytesPerSec" : 34.411649768550504,
    "sentKBytesPerSec" : 0.0
  },
  "Find Pet" : {
    "transaction" : "Find Pet",
    "sampleCount" : 10,
    "errorCount" : 0,
    "errorPct" : 0.0,
    "meanResTime" : 546.3000000000001,
    "medianResTime" : 540.0,
    "minResTime" : 528.0,
    "maxResTime" : 598.0,
    "pct1ResTime" : 594.6,
    "pct2ResTime" : 598.0,
    "pct3ResTime" : 598.0,
    "throughput" : 2.015722636565209,
    "receivedKBytesPerSec" : 0.7224318433783511,
    "sentKBytesPerSec" : 0.0
  },
  "Inventory" : {
    "transaction" : "Inventory",
    "sampleCount" : 10,
    "errorCount" : 0,
    "errorPct" : 0.0,
    "meanResTime" : 541.8000000000001,
    "medianResTime" : 542.5,
    "minResTime" : 529.0,
    "maxResTime" : 552.0,
    "pct1ResTime" : 551.9,
    "pct2ResTime" : 552.0,
    "pct3ResTime" : 552.0,
    "throughput" : 2.035002035002035,
    "receivedKBytesPerSec" : 0.6995319495319495,
    "sentKBytesPerSec" : 0.0
  }
}